<metadata><Esri><CreaDate>20191022</CreaDate><CreaTime>09292800</CreaTime><SyncOnce>FALSE</SyncOnce><SyncDate>20200902</SyncDate><SyncTime>12511800</SyncTime><ModDate>20200902</ModDate><ModTime>12511800</ModTime><DataProperties><itemProps><itemName Sync="TRUE">ZPP_Aigüastortes_i_Estany_Sant_Maurici</itemName><nativeExtBox><westBL Sync="TRUE">316725.851000</westBL><eastBL Sync="TRUE">345873.636200</eastBL><southBL Sync="TRUE">4702197.574700</southBL><northBL Sync="TRUE">4725054.150700</northBL><exTypeCode Sync="TRUE">1</exTypeCode></nativeExtBox><itemLocation><linkage Sync="TRUE">file://\\dfs\SIG\ORGANIZACION_2018\3_Difusion\3-01_Descargas_WMS_IDE_MITECO\3-01-01_Desacargas_Web\3-01-01-004_Actualizacion_Mayo2020\RESULTADOS\Descargas Individuales\AIG\ZPP\ZPP_Aigüastortes_i_Estany_Sant_Maurici.shp</linkage><protocol Sync="TRUE">Local Area Network</protocol></itemLocation><imsContentType Sync="TRUE" export="False">002</imsContentType><itemSize Sync="TRUE">0.000</itemSize></itemProps><coordRef><type Sync="TRUE">Projected</type><geogcsn Sync="TRUE">GCS_ETRS_1989</geogcsn><csUnits Sync="TRUE">Linear Unit: Meter (1.000000)</csUnits><projcsn Sync="TRUE">ETRS_1989_UTM_Zone_31N</projcsn><peXml Sync="TRUE">&lt;ProjectedCoordinateSystem xsi:type='typens:ProjectedCoordinateSystem' xmlns:xsi='http://www.w3.org/2001/XMLSchema-instance' xmlns:xs='http://www.w3.org/2001/XMLSchema' xmlns:typens='http://www.esri.com/schemas/ArcGIS/10.6'&gt;&lt;WKT&gt;PROJCS[&amp;quot;ETRS_1989_UTM_Zone_31N&amp;quot;,GEOGCS[&amp;quot;GCS_ETRS_1989&amp;quot;,DATUM[&amp;quot;D_ETRS_1989&amp;quot;,SPHEROID[&amp;quot;GRS_1980&amp;quot;,6378137.0,298.257222101]],PRIMEM[&amp;quot;Greenwich&amp;quot;,0.0],UNIT[&amp;quot;Degree&amp;quot;,0.0174532925199433]],PROJECTION[&amp;quot;Transverse_Mercator&amp;quot;],PARAMETER[&amp;quot;False_Easting&amp;quot;,500000.0],PARAMETER[&amp;quot;False_Northing&amp;quot;,0.0],PARAMETER[&amp;quot;Central_Meridian&amp;quot;,3.0],PARAMETER[&amp;quot;Scale_Factor&amp;quot;,0.9996],PARAMETER[&amp;quot;Latitude_Of_Origin&amp;quot;,0.0],UNIT[&amp;quot;Meter&amp;quot;,1.0],AUTHORITY[&amp;quot;EPSG&amp;quot;,25831]]&lt;/WKT&gt;&lt;XOrigin&gt;-5120900&lt;/XOrigin&gt;&lt;YOrigin&gt;-9998100&lt;/YOrigin&gt;&lt;XYScale&gt;450445547.3910538&lt;/XYScale&gt;&lt;ZOrigin&gt;-100000&lt;/ZOrigin&gt;&lt;ZScale&gt;10000&lt;/ZScale&gt;&lt;MOrigin&gt;-100000&lt;/MOrigin&gt;&lt;MScale&gt;10000&lt;/MScale&gt;&lt;XYTolerance&gt;0.001&lt;/XYTolerance&gt;&lt;ZTolerance&gt;0.001&lt;/ZTolerance&gt;&lt;MTolerance&gt;0.001&lt;/MTolerance&gt;&lt;HighPrecision&gt;true&lt;/HighPrecision&gt;&lt;WKID&gt;25831&lt;/WKID&gt;&lt;LatestWKID&gt;25831&lt;/LatestWKID&gt;&lt;/ProjectedCoordinateSystem&gt;</peXml></coordRef><lineage><Process Name="Add Field (3)" ToolSource="c:\program files (x86)\arcgis\desktop10.4\ArcToolbox\Toolboxes\Data Management Tools.tbx\AddField" Date="20181120" Time="102517" export="">AddField X:\ORGANIZACION_2018\2_Gestion_Procesamiento\2-02_Desarrollo_GDB\2-02-01_GDB_Noviembre_2018\2-02-01-001_CreacionGDB\PN_Aiguestortes.gdb\LIMITES\Zona_Perf_Protecc NOM_PARQUE TEXT # # 2 # NULLABLE REQUIRED Id_Parque</Process><Process Name="Calculate Field (3)" ToolSource="c:\program files (x86)\arcgis\desktop10.4\ArcToolbox\Toolboxes\Data Management Tools.tbx\CalculateField" Date="20181120" Time="102520" export="">CalculateField X:\ORGANIZACION_2018\2_Gestion_Procesamiento\2-02_Desarrollo_GDB\2-02-01_GDB_Noviembre_2018\2-02-01-001_CreacionGDB\PN_Aiguestortes.gdb\LIMITES\Zona_Perf_Protecc NOM_PARQUE "07" VB #</Process><Process Name="Append (6)" ToolSource="c:\program files (x86)\arcgis\desktop10.2\ArcToolbox\Toolboxes\Data Management Tools.tbx\Append" Date="20190129" Time="130549" export="">Append 'C:\Jorge\La Red\Red_PN_GDB\PN_Red.gdb\Zona_Perf_Protecc_p_Select1' "C:\Jorge\La Red\PN_Aiguestortes.gdb\LIMITES\Zona_Perf_Protecc" NO_TEST "Notas "Notas" true true false 100 Text 0 0 ,First,#,C:\Jorge\Fito\TABLAS_FINAL.gdb\Areas_2017_REGCAN995_TableSe,Notas,-1,-1;Agente1 "AGENTE1" true true false 10 Text 0 0 ,First,#,C:\Jorge\Fito\TABLAS_FINAL.gdb\Areas_2017_REGCAN995_TableSe,Agente1,-1,-1;Agente2 "Agente2" true true false 10 Text 0 0 ,First,#,C:\Jorge\Fito\TABLAS_FINAL.gdb\Areas_2017_REGCAN995_TableSe,Agente2,-1,-1;Grado "GRADO" true true false 4 Long 0 0 ,First,#,C:\Jorge\Fito\TABLAS_FINAL.gdb\Areas_2017_REGCAN995_TableSe,Grado,-1,-1;Sintoma "Sintoma" true true false 4 Long 0 0 ,First,#,C:\Jorge\Fito\TABLAS_FINAL.gdb\Areas_2017_REGCAN995_TableSe,Sintoma,-1,-1;Signo "SIGNO" true true false 4 Long 0 0 ,First,#,C:\Jorge\Fito\TABLAS_FINAL.gdb\Areas_2017_REGCAN995_TableSe,Signo,-1,-1;Parte_Afectada "PARTE_AFEC" true true false 4 Long 0 0 ,First,#,C:\Jorge\Fito\TABLAS_FINAL.gdb\Areas_2017_REGCAN995_TableSe,Parte_Afectada,-1,-1;Temporada "TEMPORADA" true true false 10 Text 0 0 ,First,#,C:\Jorge\Fito\TABLAS_FINAL.gdb\Areas_2017_REGCAN995_TableSe,Temporada,-1,-1;Empresa "Empresa" true true false 50 Text 0 0 ,First,#,C:\Jorge\Fito\TABLAS_FINAL.gdb\Areas_2017_REGCAN995_TableSe,Empresa,-1,-1;NOM_PARQUE "NOM_PARQUE" true true false 3 Text 0 0 ,First,#,C:\Jorge\Fito\TABLAS_FINAL.gdb\Areas_2017_REGCAN995_TableSe,Parque,-1,-1;Fecha "Fecha" true true false 8 Date 0 0 ,First,#,C:\Jorge\Fito\TABLAS_FINAL.gdb\Areas_2017_REGCAN995_TableSe,Fecha,-1,-1;Especie1 "Especie1" true true false 25 Text 0 0 ,First,#,C:\Jorge\Fito\TABLAS_FINAL.gdb\Areas_2017_REGCAN995_TableSe,Especie1,-1,-1;Especie2 "Especie2" true true false 25 Text 0 0 ,First,#,C:\Jorge\Fito\TABLAS_FINAL.gdb\Areas_2017_REGCAN995_TableSe,Especie2,-1,-1;Area "Area" true true false 8 Double 0 0 ,First,#,C:\Jorge\Fito\TABLAS_FINAL.gdb\Areas_2017_REGCAN995_TableSe,Area,-1,-1;Perimetro "Perimetro" true true false 8 Double 0 0 ,First,#,C:\Jorge\Fito\TABLAS_FINAL.gdb\Areas_2017_REGCAN995_TableSe,Perimetro,-1,-1;Especie3 "Especie3" true true false 25 Text 0 0 ,First,#,C:\Jorge\Fito\TABLAS_FINAL.gdb\Areas_2017_REGCAN995_TableSe,Especie3,-1,-1;Agente3 "Agente3" true true false 10 Text 0 0 ,First,#,C:\Jorge\Fito\TABLAS_FINAL.gdb\Areas_2017_REGCAN995_TableSe,Agente3,-1,-1;Agente4 "Agente4" true true false 10 Text 0 0 ,First,#,C:\Jorge\Fito\TABLAS_FINAL.gdb\Areas_2017_REGCAN995_TableSe,Agente4,-1,-1;Shape_Length "Shape_Length" false true true 8 Double 0 0 ,First,#,C:\Jorge\Fito\TABLAS_FINAL.gdb\Areas_2017_REGCAN995_TableSe,SHAPE_Length,-1,-1;Shape_Area "Shape_Area" false true true 8 Double 0 0 ,First,#,C:\Jorge\Fito\TABLAS_FINAL.gdb\Areas_2017_REGCAN995_TableSe,SHAPE_Area,-1,-1" #</Process><Process ToolSource="c:\program files (x86)\arcgis\desktop10.6\ArcToolbox\Toolboxes\Conversion Tools.tbx\FeatureClassToFeatureClass" Date="20200902" Time="125118">FeatureClassToFeatureClass Z:\Red_Parques\PN_Aiguestortes.gdb\LIMITES\Zona_Perf_Protecc "X:\ORGANIZACION_2018\3_Difusion\3-01_Descargas_WMS_IDE_MITECO\3-01-01_Desacargas_Web\3-01-01-004_Actualizacion_Mayo2020\RESULTADOS\Descargas Individuales\AIG\ZPP" ZPP_Aigüastortes_i_Estany_Sant_Maurici.shp # "Nombre "Nombre" true true false 100 Text 0 0 ,First,#,Z:\Red_Parques\PN_Aiguestortes.gdb\LIMITES\Zona_Perf_Protecc,Nombre,-1,-1;NOM_PARQUE "NOM_PARQUE" true true true 2 Text 0 0 ,First,#,Z:\Red_Parques\PN_Aiguestortes.gdb\LIMITES\Zona_Perf_Protecc,NOM_PARQUE,-1,-1;Shape_Leng "Shape_Leng" false true true 8 Double 0 0 ,First,#,Z:\Red_Parques\PN_Aiguestortes.gdb\LIMITES\Zona_Perf_Protecc,Shape_Length,-1,-1;Shape_Area "Shape_Area" false true true 8 Double 0 0 ,First,#,Z:\Red_Parques\PN_Aiguestortes.gdb\LIMITES\Zona_Perf_Protecc,Shape_Area,-1,-1" #</Process></lineage></DataProperties><ArcGISFormat>1.0</ArcGISFormat><ArcGISstyle>INSPIRE Metadata Directive</ArcGISstyle><scaleRange><minScale>150000000</minScale><maxScale>5000</maxScale></scaleRange><ArcGISProfile>INSPIRE</ArcGISProfile></Esri><mdLang><languageCode Sync="FALSE" value="spa"/><countryCode value="ESP" Sync="TRUE"/></mdLang><mdChar><CharSetCd Sync="FALSE" value="004"/></mdChar><mdContact xmlns=""><rpIndName>Jorge Bonache</rpIndName><rpOrgName>Organismo Autónomo Parques Nacionales</rpOrgName><rpCntInfo><cntAddress addressType="physical"><delPoint>Hernani, 59 , 5ª  planta</delPoint><city>Madrid</city><adminArea>Madrid</adminArea><postCode>28020</postCode><eMailAdd>sig@oapn.es</eMailAdd><country>Spain</country></cntAddress><cntPhone><voiceNum>915468229</voiceNum></cntPhone></rpCntInfo><role><RoleCd value="007"/></role><rpPosName>Jefe del Servicio de Conservación</rpPosName></mdContact><mdStanName>ArcGIS Metadata</mdStanName><mdStanVer>1.0</mdStanVer><distInfo xmlns=""><distributor xmlns=""><distorCont><rpIndName>Jorge Bonache</rpIndName><rpOrgName>Organismo Autónomo Parques Nacionales</rpOrgName><rpPosName>Jefe de Servicio de Conservación</rpPosName><rpCntInfo><cntAddress addressType="physical"><delPoint>Hernani, 59 , 5ª  planta</delPoint><city>Madrid</city><adminArea>Madrid</adminArea><postCode>28020</postCode><eMailAdd>sig@oapn.es</eMailAdd><country>ES</country></cntAddress><cntHours>De 9:00 a 18:00 h.</cntHours><cntPhone><voiceNum>+34 915468229</voiceNum></cntPhone></rpCntInfo><role><RoleCd value="002"/></role></distorCont></distributor><distFormat xmlns=""><formatVer>9.3.1</formatVer><formatName Sync="TRUE">Shapefile</formatName></distFormat><distTranOps><transSize Sync="TRUE">0.000</transSize></distTranOps></distInfo><dataIdInfo><dataLang><languageCode Sync="FALSE" value="spa"/><countryCode value="ESP" Sync="TRUE"/></dataLang><idCitation xmlns=""><date><createDate>2014-04-10T00:00:00</createDate><reviseDate>2018-02-27T00:00:00</reviseDate></date><citRespParty xmlns=""><rpOrgName>Generalitat de Catalunya</rpOrgName><rpPosName>Departament de Territori i Sostenibilitat - Medi Ambient i Sostenibilitat</rpPosName><role><RoleCd value="006"/></role><rpCntInfo xmlns=""><cntOnlineRes><linkage>http://mediambient.gencat.cat/ca/05_ambits_dactuacio/patrimoni_natural/senp_catalunya</linkage></cntOnlineRes></rpCntInfo></citRespParty><resTitle Sync="TRUE">ZPP_Aigüastortes_i_Estany_Sant_Maurici</resTitle><presForm xmlns=""><PresFormCd value="005" Sync="TRUE"/></presForm></idCitation><idPurp>Contiene los límites de la Zona Periférica de Protección del Parque Nacional de Aigüestortes i Estany de Sant Maurici. Los límites de las zonas periféricas de protección de los parques nacionales se establecen conforme a las leyes de declaración de cada parque nacional, aprobadas en las Cortes Generales, y a otras disposiciones normativas de reclasificación y ampliación</idPurp><idAbs>&lt;DIV STYLE="text-align:Left;"&gt;&lt;DIV&gt;&lt;DIV&gt;&lt;P&gt;&lt;SPAN&gt;La z&lt;/SPAN&gt;&lt;SPAN&gt;ona periférica de protección es el espacio marítimo o terrestre exterior, continuo y colindante a un Parque Nacional, dotado de un régimen jurídico propio destinado a proyectar los valores del Parque en su entorno y a amortiguar los impactos ecológicos o paisajísticos procedentes del exterior sobre el interior del Parque Nacional&lt;/SPAN&gt;&lt;SPAN&gt;&lt;SPAN&gt;(Ley 30/2014, de 3 de diciembre, de Parques Nacionales).&lt;/SPAN&gt;&lt;/SPAN&gt;&lt;/P&gt;&lt;/DIV&gt;&lt;/DIV&gt;&lt;/DIV&gt;</idAbs><searchKeys><keyword>Zona periférica de protección</keyword></searchKeys><themeKeys xmlns=""><keyword>Límites Parques Nacionales.</keyword></themeKeys><themeKeys xmlns=""><thesaName><resTitle>INSPIRE_SpatialThemes</resTitle></thesaName><keyword>Lugares Protegidos</keyword></themeKeys><themeKeys xmlns=""><thesaName><resTitle>INSPIRE_SpatialThemes</resTitle></thesaName><keyword>Zonas sujetas a ordenación/ a restricciones /reglamentaciones y unidades de notificación.</keyword></themeKeys><themeKeys xmlns=""><thesaName><resTitle>GEMET</resTitle></thesaName><keyword>Medio Natural, Medio Antrópico, Medio Ambiente</keyword></themeKeys><placeKeys xmlns=""><thesaName><resTitle>ISO3166</resTitle></thesaName><keyword>ESPAÑA</keyword></placeKeys><dataChar><CharSetCd value="004"/></dataChar><dataScale xmlns=""><equScale><rfDenom>25000</rfDenom></equScale></dataScale><suppInfo>Contiene los límites de las zonas periféricas de protección del Parque Nacional de Aigüestortes i Estany de Sant Maurici. Los límites se establecen conforme a las leyes de declaración del Parque Nacional, aprobadas en las Cortes Generales.</suppInfo><idPoC xmlns=""><rpOrgName>Generalitat de Cataluña</rpOrgName><rpPosName>Departamento de Territorio y Sostenibilidad </rpPosName><role><RoleCd value="001"/></role></idPoC><resMaint xmlns=""><maintFreq><MaintFreqCd value="009"/></maintFreq></resMaint><idPoC xmlns=""><rpIndName>Jorge Bonache</rpIndName><rpOrgName>Organismo Autónomo Parques Nacionales</rpOrgName><rpCntInfo xmlns=""><cntAddress addressType="physical"><delPoint>Hernani, 59 , 5ª  planta</delPoint><city>Madrid</city><adminArea>Madrid</adminArea><postCode>28020</postCode><eMailAdd>sig@oapn.es</eMailAdd><country>Spain</country></cntAddress><cntPhone><voiceNum tddtty="">915468229</voiceNum></cntPhone></rpCntInfo><role><RoleCd value="007"/></role><rpPosName>Jefe de Servicio de Conservación</rpPosName><displayName>Jorge Bonache</displayName></idPoC><resConst><Consts xmlns=""><useLimit>&lt;DIV STYLE="text-align:Left;"&gt;&lt;DIV&gt;&lt;DIV&gt;&lt;P&gt;&lt;SPAN&gt;Acceso público y gratuito. Será necesario nombrar la fuente de procedencia de la información de la siguiente manera : "Fuente: Organismo Autónomo Parques Nacionales"&lt;/SPAN&gt;&lt;/P&gt;&lt;/DIV&gt;&lt;/DIV&gt;&lt;/DIV&gt;</useLimit></Consts></resConst><envirDesc Sync="TRUE"> Version 6.2 (Build 9200) ; Esri ArcGIS 10.6.1.9270</envirDesc><spatRpType><SpatRepTypCd value="001" Sync="TRUE"/></spatRpType><dataExt xmlns=""><geoEle xmlns=""><GeoBndBox esriExtentType="search"><exTypeCode Sync="TRUE">1</exTypeCode><westBL Sync="TRUE">0.763944</westBL><eastBL Sync="TRUE">1.125531</eastBL><northBL Sync="TRUE">42.662523</northBL><southBL Sync="TRUE">42.450449</southBL></GeoBndBox></geoEle></dataExt><idCredit>Organismo Autónomo Parques Nacionales</idCredit><tpCat><TopicCatCd value="002"/></tpCat><tpCat><TopicCatCd value="007"/></tpCat></dataIdInfo><mdMaint xmlns=""><maintFreq><MaintFreqCd value="009"/></maintFreq></mdMaint><dqInfo xmlns=""><dqScope><scpLvl><ScopeCd value="005"/></scpLvl><scpExt xmlns=""><exDesc>Península Ibérica</exDesc></scpExt></dqScope><dataLineage><statement>Límites de la zona periférica de protección del Parque Nacional</statement><dataSource xmlns="" type=""><srcDesc>ZPP del Parque Nacional de Aigüestortes.
Generalitat de Cataluña. Dirección General del Medio Natural y Biodiversidad</srcDesc><srcRefSys><identCode code="25831"/><idCodeSpace>EPSG</idCodeSpace></srcRefSys></dataSource><prcStep xmlns=""><stepDesc>- Exportación a formato shape de cada ZPP de Parque Nacional
- Adecuación de los campos, cambios en la distribución.</stepDesc><stepDateTm>2015-02-04T00:00:00</stepDateTm><stepProc><rpIndName>Elena Albornos Llorente</rpIndName><rpOrgName>OAPN</rpOrgName><role><RoleCd value="009"/></role></stepProc></prcStep></dataLineage></dqInfo><eainfo><detailed Name="ZPP_Aigüastortes_i_Estany_Sant_Maurici" xmlns=""><enttyp><enttypl Sync="TRUE">ZPP_Aigüastortes_i_Estany_Sant_Maurici</enttypl><enttypt Sync="TRUE">Feature Class</enttypt><enttypc Sync="TRUE">0</enttypc></enttyp><attr><attrlabl>SHAPE</attrlabl><attrdef>Feature geometry.</attrdef><attrdefs>ESRI</attrdefs><attrdomv><udom>Coordinates defining the features.</udom></attrdomv><attalias Sync="TRUE">Shape</attalias><attrtype Sync="TRUE">Geometry</attrtype><attwidth Sync="TRUE">0</attwidth><atprecis Sync="TRUE">0</atprecis><attscale Sync="TRUE">0</attscale></attr><attr><attrlabl>SHAPE_Area</attrlabl><attrdef>Area of feature in internal units squared.</attrdef><attrdefs>ESRI</attrdefs><attrdomv><udom>Positive real numbers that are automatically generated.</udom></attrdomv><attalias Sync="TRUE">Shape_Area</attalias><attrtype Sync="TRUE">Double</attrtype><attwidth Sync="TRUE">19</attwidth><atprecis Sync="TRUE">0</atprecis><attscale Sync="TRUE">0</attscale></attr><subtype><stname Sync="TRUE">Parque Nacional</stname><stcode Sync="TRUE">1</stcode></subtype><attr><attrlabl Sync="TRUE">FID</attrlabl><attalias Sync="TRUE">FID</attalias><attrtype Sync="TRUE">OID</attrtype><attwidth Sync="TRUE">4</attwidth><atprecis Sync="TRUE">0</atprecis><attscale Sync="TRUE">0</attscale><attrdef Sync="TRUE">Internal feature number.</attrdef><attrdefs Sync="TRUE">Esri</attrdefs><attrdomv><udom Sync="TRUE">Sequential unique whole numbers that are automatically generated.</udom></attrdomv></attr><subtype><stname Sync="TRUE">Centro Adscrito al OAPN</stname><stcode Sync="TRUE">2</stcode></subtype><attr><attrlabl Sync="TRUE">Nombre</attrlabl><attalias Sync="TRUE">Nombre</attalias><attrtype Sync="TRUE">String</attrtype><attwidth Sync="TRUE">100</attwidth><atprecis Sync="TRUE">0</atprecis><attscale Sync="TRUE">0</attscale><attrdef>Nombre</attrdef><attrdefs>Nombre</attrdefs></attr><attr><attrlabl Sync="TRUE">NOM_PARQUE</attrlabl><attalias Sync="TRUE">NOM_PARQUE</attalias><attrtype Sync="TRUE">String</attrtype><attwidth Sync="TRUE">2</attwidth><atprecis Sync="TRUE">0</atprecis><attscale Sync="TRUE">0</attscale></attr><attr><attrlabl Sync="TRUE">Shape_Leng</attrlabl><attalias Sync="TRUE">Shape_Leng</attalias><attrtype Sync="TRUE">Double</attrtype><attwidth Sync="TRUE">19</attwidth><atprecis Sync="TRUE">0</atprecis><attscale Sync="TRUE">0</attscale></attr><subtype><stname Sync="TRUE">Otros Espacios Protegidos adscritos al OAPN</stname><stcode Sync="TRUE">3</stcode></subtype><attr><attrlabl Sync="TRUE">d_NOM_PARQ</attrlabl><attalias Sync="TRUE">d_NOM_PARQ</attalias><attrtype Sync="TRUE">String</attrtype><attwidth Sync="TRUE">254</attwidth><atprecis Sync="TRUE">0</atprecis><attscale Sync="TRUE">0</attscale></attr></detailed></eainfo><mdHrLv><ScopeCd value="005" Sync="TRUE"/></mdHrLv><mdHrLvName Sync="TRUE">dataset</mdHrLvName><refSysInfo><RefSystem dimension=""><refSysID xmlns=""><identCode code="25831" Sync="TRUE"/><idCodeSpace Sync="TRUE">EPSG</idCodeSpace><idVersion Sync="TRUE">5.1(4.0.0)</idVersion></refSysID></RefSystem></refSysInfo><spatRepInfo><VectSpatRep><geometObjs Name="ZPP_Aigüastortes_i_Estany_Sant_Maurici"><geoObjTyp><GeoObjTypCd value="002" Sync="TRUE"></GeoObjTypCd></geoObjTyp><geoObjCnt Sync="TRUE">0</geoObjCnt></geometObjs><topLvl><TopoLevCd value="001" Sync="TRUE"></TopoLevCd></topLvl></VectSpatRep></spatRepInfo><spdoinfo><ptvctinf><esriterm Name="ZPP_Aigüastortes_i_Estany_Sant_Maurici"><efeatyp Sync="TRUE">Simple</efeatyp><efeageom code="4" Sync="TRUE"></efeageom><esritopo Sync="TRUE">FALSE</esritopo><efeacnt Sync="TRUE">0</efeacnt><spindex Sync="TRUE">FALSE</spindex><linrefer Sync="TRUE">FALSE</linrefer></esriterm></ptvctinf></spdoinfo><mdDateSt Sync="TRUE">20200902</mdDateSt></metadata>
